brand,model,num_variants,avg_price
Apple,IPHONE 11,19,56478.94736842105
Apple,IPHONE 11 PRO,16,104062.0
Apple,IPHONE 11 PRO MAX,11,131672.72727272726
Apple,IPHONE 12,18,70665.66666666667
Apple,IPHONE 12 MINI,18,63665.666666666664
Apple,IPHONE 12 PRO,11,121718.18181818182
Apple,IPHONE 12 PRO MAX,12,133233.33333333334
Apple,IPHONE 13,9,101566.66666666667
Apple,IPHONE 13 MINI,15,84566.66666666667
Apple,IPHONE 13 PRO,13,148361.53846153847
Apple,IPHONE 13 PRO MAX,37,152602.7027027027
Apple,IPHONE 6,11,49958.818181818184
Apple,IPHONE 6 PLUS,7,54285.0
Apple,IPHONE 6S,17,43005.05882352941
Apple,IPHONE 6S PLUS,16,51655.75
Apple,IPHONE 7,16,46618.4375
Apple,IPHONE 7 PLUS,16,57362.25
Apple,IPHONE 8,5,55099.4
Apple,IPHONE 8 PLUS,8,64275.0
Apple,IPHONE SE,9,44266.333333333336
Apple,IPHONE X,4,99400.0
Apple,IPHONE XR,18,60966.0
Apple,IPHONE XS,9,91632.66666666667
Apple,IPHONE XS MAX,9,99299.33333333333
Asus,6Z,7,40284.71428571428
Asus,ROG,1,26499.0
Asus,ROG 5S,4,53999.0
Asus,ROG 5S PRO,1,79999.0
Asus,ROG PHONE 3,3,51665.666666666664
Asus,ROG PHONE 5,4,53999.0
Asus,ROG PHONE 5 PRO,1,69999.0
Asus,ROG PHONE 5 ULTIMATE,1,79999.0
Asus,ROG PHONE II,2,51999.0
Asus,ZENFONE 2 LASER ZE500KL,1,7999.0
Asus,ZENFONE 4 SELFIE,3,10999.0
Asus,ZENFONE 5Z,5,38719.0
Asus,ZENFONE C,3,6299.0
Asus,ZENFONE GO,9,6371.333333333333
Asus,ZENFONE GO 2ND GEN,3,5299.0
Asus,ZENFONE GO 3RD GEN,1,8999.0
Asus,ZENFONE GO 4.5,2,5299.0
Asus,ZENFONE GO 4.5 LTE,4,4887.5
Asus,ZENFONE GO 5.0,3,5496.0
Asus,ZENFONE GO 5.0 LTE,1,4990.0
Asus,ZENFONE GO 5.0 LTE 2ND GEN,3,5609.666666666667
Asus,ZENFONE GO 5.5,1,6999.0
Asus,ZENFONE LITE L1,2,7199.0
Asus,ZENFONE LIVE,2,7833.5
Asus,ZENFONE MAX,5,7537.2
Asus,ZENFONE MAX M1,3,9599.0
Asus,ZENFONE MAX M2,6,13999.0
Asus,ZENFONE MAX PRO M1,9,15599.0
Asus,ZENFONE MAX PRO M2,6,17999.0
Asus,ZENFONE MAX ZC550KL,3,10393.0
Asus,ZENFONE SELFIE,16,12888.5625
Asus,ZENFONE ZOOM,2,37999.0
Gionee,A1,3,12357.666666666666
Gionee,A1 LITE,2,11499.0
Gionee,A1 PLUS,3,12499.0
Gionee,CTRL V4S,1,3999.0
Gionee,CTRL V5,1,4790.0
Gionee,ELIFE E3,2,5350.0
Gionee,ELIFE E7 MINI,1,9999.0
Gionee,ELIFE E8,1,8990.0
Gionee,ELIFE S5.1,1,9999.0
Gionee,ELIFE S7,2,15999.0
Gionee,F10,2,7325.0
Gionee,F10 PLUS,2,8590.0
Gionee,F103,2,4544.0
Gionee,F103 3GB VERSION,2,7298.5
Gionee,F103 PRO,3,6526.333333333333
Gionee,F11,2,6694.5
Gionee,F205,2,8479.0
Gionee,F205 PRO,3,6990.0
Gionee,F8 NEO,3,5888.0
Gionee,F9,3,7900.0
Gionee,F9 PLUS,2,9490.0
Gionee,G3,1,10990.0
Gionee,L700,2,1494.5
Gionee,L800,1,2199.0
Gionee,M2,1,11500.0
Gionee,M3,1,9599.0
Gionee,M5 LITE 4G,1,7290.0
Gionee,M7,2,9627.0
Gionee,M7 POWER,4,10136.75
Gionee,MARATHON,1,11999.0
Gionee,MARATHON M3,1,9599.0
Gionee,MARATHON M5 LITE,1,5990.0
Gionee,MARATHON M5 LITE CDMA,1,13649.0
Gionee,MARATHON M5 PLUS,3,11832.333333333334
Gionee,MAX,3,6299.0
Gionee,MAX PRO,3,7299.0
Gionee,P2S,2,2550.0
Gionee,P5 MINI,6,3527.8333333333335
Gionee,P5L,6,5261.166666666667
Gionee,P5_W,4,3494.5
Gionee,P7,3,4730.0
Gionee,P7 MAX,2,5974.5
Gionee,PIONEER P2,2,2890.0
Gionee,PIONEER P3,1,2350.0
Gionee,PIONEER P3S,2,4494.5
Gionee,PIONEER P4,2,6000.0
Gionee,PIONEER P4S,2,3749.0
Gionee,PIONEER P5W,1,4150.0
Gionee,PIONEER P6,1,4150.0
Gionee,S PLUS,3,7285.0
Gionee,S10 LITE,1,6399.0
Gionee,S11,2,8464.0
Gionee,S11 LITE,3,10976.666666666666
Gionee,S6,3,7532.666666666667
Gionee,S6 PRO,2,7998.5
Gionee,S6S,2,15999.0
Gionee,S96,3,2246.3333333333335
Gionee,V4S,1,3499.0
Gionee,X-1,2,4899.5
Gionee,X1S,3,6641.333333333333
Google Pixel,2,3,67000.0
Google Pixel,2 XL,1,82000.0
Google Pixel,3,6,75333.16666666667
Google Pixel,3 XL,6,87500.0
Google Pixel,3A,2,39999.0
Google Pixel,3A XL,2,44999.0
Google Pixel,4A,1,31999.0
Google Pixel,NEXUS 5X,5,23874.0
Google Pixel,QUITE BLACK,1,66000.0
Google Pixel,VERY SILVER,1,57000.0
Google Pixel,XL,1,76000.0
Htc,10,2,52340.0
Htc,526G PLUS,1,12400.0
Htc,620G,2,15999.0
Htc,626G PLUS,2,8999.0
Htc,628,1,15400.0
Htc,816G,2,21990.0
Htc,820 G+,1,19695.0
Htc,820S,2,25500.0
Htc,826,1,27990.0
Htc,DESIRE 210,2,9990.0
Htc,DESIRE 326G DS,2,9590.0
Htc,DESIRE 516,2,15200.0
Htc,DESIRE 526G PLUS,2,8449.5
Htc,DESIRE 616,2,17200.0
Htc,DESIRE 626,3,13500.0
Htc,DESIRE 630,1,12570.0
Htc,DESIRE 700,1,35490.0
Htc,DESIRE 816,2,27390.0
Htc,DESIRE 816G,1,21999.0
Htc,DESIRE 820,2,25999.0
Htc,DESIRE 826 DS,2,22624.0
Htc,DESIRE 828,1,16990.0
Htc,ONE 802D,1,59590.0
Htc,ONE E9+,3,43833.333333333336
Htc,ONE M8,3,59900.0
Htc,U ULTRA,2,62990.0
Htc,U11,4,53990.0
Htc,U11+,1,56990.0
Htc,WILDFIRE X,4,15499.0
Infinix,HOT 10,7,12856.142857142857
Infinix,HOT 10 PLAY,8,8799.0
Infinix,HOT 10S,8,10499.0
Infinix,HOT 11,4,9999.0
Infinix,HOT 11S,7,11427.57142857143
Infinix,HOT 4 PRO,3,7499.0
Infinix,HOT 6 PRO,4,8999.0
Infinix,HOT 7,2,9999.0
Infinix,HOT 7 PRO,3,10999.0
Infinix,HOT 8,3,9999.0
Infinix,HOT 9,3,11999.0
Infinix,HOT 9 PRO,3,12999.0
Infinix,HOT S3,7,10856.142857142857
Infinix,HOT S3X,3,10999.0
Infinix,NOTE 10,6,11749.0
Infinix,NOTE 10 PRO,3,16999.0
Infinix,NOTE 11,6,13582.333333333334
Infinix,NOTE 11S,3,13999.0
Infinix,NOTE 11S FREE FIRE EDITION,3,15999.0
Infinix,NOTE 4,3,8999.0
Infinix,NOTE 5,5,12079.0
Infinix,NOTE 5 STYLUS,2,16999.0
Infinix,NOTE 7,3,14999.0
Infinix,S4,6,10499.0
Infinix,S5,2,10999.0
Infinix,S5 LITE,3,9999.0
Infinix,S5 PRO,3,12999.0
Infinix,SMART 2,8,7460.0
Infinix,SMART 3 PLUS,3,7999.0
Infinix,SMART 4,4,8999.0
Infinix,SMART 4 PLUS,4,9999.0
Infinix,SMART 5,4,7499.0
Infinix,SMART 5A,3,7199.0
Infinix,SMART 6,1,7499.0
Infinix,SMART 7,1,7499.0
Infinix,SMART 8,1,7499.0
Infinix,SMART HD 2021,2,7990.0
Infinix,ZERO 5,3,17999.0
Infinix,ZERO 5 PRO,1,19999.0
Infinix,ZERO 8I,2,18999.0
Iqoo,3,5,37190.0
Lenovo,A1000,2,3549.0
Lenovo,A2010,4,5144.5
Lenovo,A269I,1,5499.0
Lenovo,A319,1,4200.0
Lenovo,A328,1,7499.0
Lenovo,A390,1,7580.0
Lenovo,A5,4,7499.0
Lenovo,A5000,2,8249.0
Lenovo,A536,2,8849.5
Lenovo,A6 NOTE,2,9999.0
Lenovo,A6000 PLUS,3,7499.0
Lenovo,A6000 SHOT,2,7095.0
Lenovo,A6600,2,4999.0
Lenovo,A6600 PLUS,1,6266.0
Lenovo,A6600D40,1,7999.0
Lenovo,A7,4,7730.0
Lenovo,A7000,2,7249.0
Lenovo,A7000 TURBO,2,7499.0
Lenovo,A7700,2,6624.5
Lenovo,A850,1,15999.0
Lenovo,B,2,5844.5
Lenovo,K10 NOTE,2,17999.0
Lenovo,K10 PLUS,2,13999.0
Lenovo,K3 NOTE,3,8299.666666666666
Lenovo,K3 NOTE MUSIC,1,9795.0
Lenovo,K4 NOTE,2,7999.0
Lenovo,K6 NOTE,6,7496.333333333333
Lenovo,K6 POWER,3,8165.666666666667
Lenovo,K8,2,7240.0
Lenovo,K8 NOTE,4,9201.75
Lenovo,K8 PLUS,4,11499.0
Lenovo,K9,2,9999.0
Lenovo,K9 NOTE,2,11999.0
Lenovo,P2,4,17499.0
Lenovo,P70,1,6989.0
Lenovo,P770,1,12899.0
Lenovo,P780,1,15410.0
Lenovo,S560,1,19999.0
Lenovo,S660,1,14999.0
Lenovo,S850,2,17249.0
Lenovo,S90 OR SISLEY S90,1,12999.0
Lenovo,S930,1,13604.0
Lenovo,SISLEY S60,2,10489.5
Lenovo,VIBE K5 NOTE,6,11915.666666666666
Lenovo,VIBE K5 PLUS,5,8299.0
Lenovo,VIBE P1,1,15999.0
Lenovo,VIBE P1 TURBO,2,8439.5
Lenovo,VIBE P1M,2,6999.0
Lenovo,VIBE S1,1,13490.0
Lenovo,VIBE SHOT,2,14399.0
Lenovo,VIBE Z2 PRO,1,29999.0
Lenovo,X2-AP,2,13749.0
Lenovo,Z2 PLUS,4,16561.75
Lenovo,ZUK Z1,1,7499.0
Lg,CANDY K9,1,5899.0
Lg,G PRO 2,1,42021.0
Lg,G2 D802,1,31971.0
Lg,G3 BEAT,1,15999.0
Lg,G3 STYLUS,1,13990.0
Lg,G4,4,32144.75
Lg,G4 STYLUS 4G LTE,1,7000.0
Lg,G5,3,33996.0
Lg,G6,3,25926.0
Lg,G7 THINQ,2,50000.0
Lg,G7+ THINQ,3,55000.0
Lg,G8S THINQ,1,29999.0
Lg,G8X,1,27990.0
Lg,K-10,1,7799.0
Lg,K-7,1,6590.0
Lg,K10 2017,3,8829.666666666666
Lg,K10 K420DS,1,6980.0
Lg,K42,2,10990.0
Lg,K7I,1,9990.0
Lg,K8,1,5699.0
Lg,K9 4G LTE,1,7999.0
Lg,L 80 DUAL,1,14162.0
Lg,L BELLO,1,7000.0
Lg,L60 DUAL,1,8800.0
Lg,L90 DUAL,1,15532.0
Lg,MAX X160,1,5000.0
Lg,NEXUS4 E960,1,26299.0
Lg,OPTIMUS L3 II E425,1,6299.0
Lg,OPTIMUS L5 II,1,10199.0
Lg,OPTIMUS L7 II DUAL,1,13299.0
Lg,OPTIMUS L70,1,12791.0
Lg,Q STYLUS,1,20000.0
Lg,Q STYLUS+,1,24000.0
Lg,Q6,3,16990.0
Lg,Q6+,3,19990.0
Lg,Q60,1,9990.0
Lg,Q7,3,14592.0
Lg,Q7+,3,17949.333333333332
Lg,SPIRIT,2,8000.0
Lg,SPIRIT 4G LTE,1,12500.0
Lg,STYLUS 2,3,10449.333333333334
Lg,STYLUS 2 PLUS,1,14250.0
Lg,STYLUS 3,1,9990.0
Lg,V20,2,30344.5
Lg,V20A,1,30990.0
Lg,V30+,2,29999.0
Lg,V40 THINQ,1,60000.0
Lg,VELVET,1,29999.0
Lg,VELVET DUAL SCREEN,2,44990.0
Lg,W10,1,6999.0
Lg,W10 ALPHA,1,7299.0
Lg,W11,1,7690.0
Lg,W30,3,8865.666666666666
Lg,W30 PLUS,2,12870.0
Lg,W30 PRO,3,14257.333333333334
Lg,W31,2,9999.0
Lg,W31 PLUS,1,10999.0
Lg,W41,2,9499.0
Lg,W41 PLUS,1,9499.0
Lg,W41 PRO,1,10499.0
Lg,WING,2,29999.0
Lg,X CAM,1,9999.0
Lg,X POWER,1,8499.0
Lg,X SCREEN K500I,1,7990.0
Motorola,2ND GENERATION,1,8999.0
Motorola,C,1,5499.0
Motorola,C PLUS,3,6966.0
Motorola,E 2ND GEN 3G,1,5999.0
Motorola,E5,2,11499.5
Motorola,E5 PLUS,2,11999.0
Motorola,E6S,3,7999.0
Motorola,E7 PLUS,2,8999.0
Motorola,E7 POWER,4,7899.0
Motorola,EDGE 20,2,29999.0
Motorola,EDGE 20 FUSION,4,22249.0
Motorola,EDGE+,1,64999.0
Motorola,G,1,9999.0
Motorola,G 2ND GENERATION,1,8999.0
Motorola,G 3RD GENERATION,2,10999.0
Motorola,G10 POWER,2,10499.0
Motorola,G30,2,10999.0
Motorola,G4,2,6699.0
Motorola,G4 PLUS,3,6665.666666666667
Motorola,G40 FUSION,4,15499.0
Motorola,G5,3,15816.0
Motorola,G5 PLUS,1,10999.0
Motorola,G5S,3,8536.333333333334
Motorola,G6,2,16999.5
Motorola,G6 PLAY,2,12999.0
Motorola,G6 PLUS,1,11829.0
Motorola,G60,2,17999.0
Motorola,G7,2,9999.0
Motorola,G7 POWER,1,15999.0
Motorola,G8 PLUS,2,12999.0
Motorola,G8 POWER LITE,2,9999.0
Motorola,G9,2,10999.0
Motorola,G9 POWER,2,11999.0
Motorola,M,6,13150.833333333334
Motorola,ONE,2,14999.0
Motorola,ONE ACTION,2,10999.0
Motorola,ONE FUSION+,2,17499.0
Motorola,ONE MACRO,2,9749.0
Motorola,ONE POWER,1,18999.0
Motorola,ONE VISION,2,14999.0
Motorola,QUENCH X T3,1,14939.0
Motorola,RAZR,2,74999.0
Motorola,RAZR 5G,1,89999.0
Motorola,X 2ND GENERATION,3,21166.0
Motorola,X PLAY,1,17499.0
Motorola,X4,5,23999.0
Motorola,XT502,1,15990.0
Motorola,Z PLAY,2,24999.0
Motorola,Z2 FORCE,1,14999.0
Motorola,Z2 PLAY,2,27999.0
Nokia,1,2,4736.0
Nokia,105,2,1172.0
Nokia,105 DS,2,1530.0
Nokia,105 DS 2020,3,1412.6666666666667
Nokia,105 SS 2021,2,1374.0
Nokia,106,3,1493.0
Nokia,107 DUAL SIM,2,1880.0
Nokia,108 DUAL SIM,2,2024.5
Nokia,110,1,1599.0
Nokia,110 4G,3,3023.6666666666665
Nokia,110 TA-1302 DS,3,1685.0
Nokia,112,1,3100.0
Nokia,125 DS,1,2249.0
Nokia,125 DS 2020,1,2349.0
Nokia,125 TA-1253 DS,1,2142.0
Nokia,130,3,1608.3333333333333
Nokia,150,1,2000.0
Nokia,150 DS 2020,2,2486.5
Nokia,150 TA-1235 DS,1,2480.0
Nokia,150/150 DS,2,2020.0
Nokia,2,2,6651.0
Nokia,2.1,3,7317.0
Nokia,2.2,4,9099.0
Nokia,2.3,4,9611.5
Nokia,2.4,3,10399.0
Nokia,215,1,2200.0
Nokia,215 4G DS,1,3220.0
Nokia,215 4G DS 2020,2,3380.5
Nokia,216 DS,1,2875.0
Nokia,216 DS 2020,2,2474.5
Nokia,220,1,2999.0
Nokia,222,1,2860.0
Nokia,225,2,3499.0
Nokia,225 4G DS,1,3896.0
Nokia,225 4G DS 2020,2,4149.0
Nokia,3,4,7569.0
Nokia,3.1,4,8619.75
Nokia,3.1 PLUS,4,8306.5
Nokia,3.2,5,11019.0
Nokia,3.4,3,11999.0
Nokia,3310 DS 2020,4,3839.5
Nokia,4.2,1,13699.0
Nokia,5,8,9784.375
Nokia,5.1,3,10696.333333333334
Nokia,5.1 PLUS,6,11877.0
Nokia,5.3,6,12164.0
Nokia,5.4,4,13749.0
Nokia,515,1,8999.0
Nokia,5310 TA-1212 DS,1,3740.0
Nokia,5310DS,1,3429.0
Nokia,6,4,13871.75
Nokia,6.1,8,15147.875
Nokia,6.1 PLUS,4,15169.5
Nokia,6.2,2,13319.5
Nokia,6310,4,4209.25
Nokia,7 PLUS,2,13999.5
Nokia,7.1,2,12098.5
Nokia,7.2,6,20499.0
Nokia,8,5,35897.4
Nokia,8 SIROCCO,1,29990.0
Nokia,8.1,3,24609.666666666668
Nokia,8110,2,3200.0
Nokia,8110 4G,1,6699.0
Nokia,9,1,56299.0
Nokia,ASHA 206,2,3545.0
Nokia,ASHA 311,1,5999.0
Nokia,ASHA 502,2,3649.0
Nokia,ASHA 503,1,7399.0
Nokia,C01 PLUS,2,6249.0
Nokia,C20 PLUS,4,9499.0
Nokia,C3,4,8021.75
Nokia,G10,2,12149.0
Nokia,G20,2,14019.5
Nokia,LUMIA 510,1,10999.0
Nokia,LUMIA 625,1,17599.0
Nokia,LUMIA 920,1,40699.0
Nokia,RM-1172 / NOKIA 230 DS,1,4196.0
Nokia,TA -1010/105,1,1000.0
Nokia,TA-1010/105,2,1336.0
Nokia,TA-1174 / TA-1299,1,1149.0
Nokia,X2 DUAL SIM,1,9999.0
Nokia,XPLUS,1,7990.0
Nokia,XR 20,1,46988.0
Oppo,A11K,2,8990.0
Oppo,A12,8,10052.5
Oppo,A15,6,10283.0
Oppo,A15S,6,13222.666666666666
Oppo,A16,7,12327.142857142857
Oppo,A16K,3,10490.0
Oppo,A1K,2,8240.0
Oppo,A31,5,12727.2
Oppo,A33,2,10490.0
Oppo,A37F,3,9993.333333333334
Oppo,A3S,6,12163.333333333334
Oppo,A5,4,15120.0
Oppo,A5 2020,2,13990.0
Oppo,A52,7,17849.714285714286
Oppo,A53,10,13693.6
Oppo,A53S 5G,4,16990.0
Oppo,A54,9,15990.0
Oppo,A55,6,16540.0
Oppo,A57,2,16495.0
Oppo,A5S,10,12458.3
Oppo,A7,4,10990.0
Oppo,A71,2,12500.0
Oppo,A71 NEW EDITION,1,9940.0
Oppo,A71K,2,10990.0
Oppo,A74 5G,2,18734.5
Oppo,A74 5G BLACK,1,18380.0
Oppo,A83,6,13409.166666666666
Oppo,A83 2018 EDITION,1,15000.0
Oppo,A9,2,12990.0
Oppo,A9 2020,6,15490.0
Oppo,F1,1,15739.0
Oppo,F1 PLUS,2,26200.0
Oppo,F11,5,16390.0
Oppo,F11 PRO,5,16970.0
Oppo,F11 PRO MARVELâ€™S AVENGERS LIMITED EDITION,1,27990.0
Oppo,F15,6,17490.0
Oppo,F17,6,20491.5
Oppo,F17 PRO,4,20492.25
Oppo,F19,3,19990.0
Oppo,F19 PRO,6,22740.0
Oppo,F19 PRO+ 5G,2,25990.0
Oppo,F19S,2,19990.0
Oppo,F1S,4,17490.0
Oppo,F3,3,18996.666666666668
Oppo,F3 DEEPIKA PADUKONE LIMITED EDITION,1,17000.0
Oppo,F3 PLUS,4,22490.0
Oppo,F5,4,18867.5
Oppo,F5 YOUTH,2,17990.0
Oppo,F7,5,24990.0
Oppo,F9,2,18445.0
Oppo,F9 PRO,4,21070.0
Oppo,FIND X,2,60990.0
Oppo,HARDIK PANDYA LIMITED EDITON,1,22990.0
Oppo,K1,4,14492.5
Oppo,K3,4,27493.25
Oppo,N5111,1,9990.0
Oppo,NEO 5,2,4999.0
Oppo,NEO 7 4G,2,9245.0
Oppo,R1 R829,2,23221.0
Oppo,R17,1,38999.0
Oppo,RAVICHANDRAN ASHWIN LIMITED EDITION,1,22990.0
Oppo,RENO,1,29999.0
Oppo,RENO 10X ZOOM,4,40490.0
Oppo,RENO2,2,38990.0
Oppo,RENO2 F,4,21964.75
Oppo,RENO2 Z,2,29489.0
Oppo,RENO3 PRO,6,26209.0
Oppo,RENO4 PRO,2,34990.0
Oppo,RENO4 PRO SPECIAL EDITION,2,34990.0
Oppo,RENO5 PRO 5G,2,35990.0
Oppo,RENO6 5G,2,29990.0
Oppo,RENO6 PRO 5G,3,40656.666666666664
Oppo,RENO7 5G,2,28999.0
Oppo,RENO7 PRO 5G,1,39999.0
Oppo,ROHIT SHARMA LIMITED EDITION,1,22990.0
Poco,C3,6,8499.0
Poco,C31,4,8499.0
Poco,F1,9,26776.777777777777
Poco,F3 GT,5,29399.0
Poco,M2,4,11249.0
Poco,M2 PRO,8,14874.0
Poco,M2 RELOADED,2,9999.0
Poco,M3,6,11499.0
Poco,M3 PRO 5G,3,16499.0
Poco,M4 PRO,6,16499.0
Poco,M4 PRO 5G,9,16999.0
Poco,X2,6,17499.0
Poco,X2 SPECIAL EDITION,2,17999.0
Poco,X3 PRO,4,19999.0
Realme,1,15,11301.0
Realme,2,6,10656.666666666666
Realme,3,11,9317.181818181818
Realme,3I,5,9699.0
Realme,5 PRO,7,15713.285714285714
Realme,5I,5,11399.0
Realme,5S,1,11999.0
Realme,6,8,15374.0
Realme,6 PRO,8,19061.5
Realme,6I,6,13499.0
Realme,7,3,15999.0
Realme,7 PRO,1,19999.0
Realme,7I,4,14499.0
Realme,8,7,16856.14285714286
Realme,8 5G,6,16832.333333333332
Realme,8 PRO,9,18887.88888888889
Realme,8I,4,14999.0
Realme,8S 5G,4,18999.0
Realme,9 5G,4,16249.0
Realme,9 5G SE,4,21499.0
Realme,9 PRO 5G,5,19199.0
Realme,9 PRO+ 5G,6,26999.0
Realme,9I,4,14999.0
Realme,C11,2,7499.0
Realme,C11 2021,4,8049.0
Realme,C12,4,9999.0
Realme,C15,7,10570.42857142857
Realme,C15 QUALCOMM EDITION,4,12499.0
Realme,C2,7,7070.428571428572
Realme,C20,2,7499.0
Realme,C21,4,9499.0
Realme,C21Y,6,9332.333333333334
Realme,C25,4,10499.0
Realme,C25S,4,11499.0
Realme,C25Y,5,11609.0
Realme,C3,6,9999.0
Realme,C35,3,12665.666666666666
Realme,GT 5G,2,39999.0
Realme,GT MASTER EDITION,5,27599.0
Realme,GT NEO 2,4,33999.0
Realme,NARZO 10,3,11999.0
Realme,NARZO 10A,4,9499.0
Realme,NARZO 20,4,10999.0
Realme,NARZO 20 PRO,3,16332.333333333334
Realme,NARZO 20A,4,8999.0
Realme,NARZO 30,6,14499.0
Realme,NARZO 30 5G,4,15999.0
Realme,NARZO 30 PRO 5G,4,18499.0
Realme,NARZO 30A,7,9856.142857142857
Realme,NARZO 50A,8,11999.0
Realme,NARZO 50I,6,7999.0
Realme,U1,6,10127.0
Realme,X,9,20110.11111111111
Realme,X2,14,20784.714285714286
Realme,X2 PRO,6,34999.0
Realme,X3,4,25499.0
Realme,X3 SUPERZOOM,9,30887.88888888889
Realme,X50 PRO,3,43999.0
Realme,X50 PRO 5G,1,47999.0
Realme,X7 5G,4,20999.0
Realme,X7 MAX,6,28499.0
Realme,X7 PRO 5G,1,29999.0
Samsung,B350,1,3000.0
Samsung,B351E/METRO 350,3,2646.3333333333335
Samsung,FOLD 2 5G,1,169999.0
Samsung,GALAXY A03 CORE,2,7999.0
Samsung,GALAXY A03S,6,11999.0
Samsung,GALAXY A10,4,8522.5
Samsung,GALAXY A10S,7,10405.714285714286
Samsung,GALAXY A12,18,15151.277777777777
Samsung,GALAXY A2 CORE,3,5900.0
Samsung,GALAXY A20,4,12547.5
Samsung,GALAXY A20S,6,12847.833333333334
Samsung,GALAXY A21S,9,16725.666666666668
Samsung,GALAXY A22,5,17830.0
Samsung,GALAXY A22 5G,7,21219.571428571428
Samsung,GALAXY A3,3,9663.0
Samsung,GALAXY A30,4,17875.0
Samsung,GALAXY A30S,6,18616.333333333332
Samsung,GALAXY A31,2,17999.0
Samsung,GALAXY A32,5,22307.6
Samsung,GALAXY A5,4,17115.0
Samsung,GALAXY A5 2016 EDITION,2,14490.0
Samsung,GALAXY A5-2017,2,22900.0
Samsung,GALAXY A50,6,22165.0
Samsung,GALAXY A50S,6,18049.0
Samsung,GALAXY A51,7,21641.85714285714
Samsung,GALAXY A52,8,28287.875
Samsung,GALAXY A52S 5G,6,36999.0
Samsung,GALAXY A6,5,15947.0
Samsung,GALAXY A6+,3,24529.666666666668
Samsung,GALAXY A7,8,21470.0
Samsung,GALAXY A7 2016 EDITION,3,19630.0
Samsung,GALAXY A7-2017,2,25900.0
Samsung,GALAXY A70,2,30900.0
Samsung,GALAXY A70S,6,24249.5
Samsung,GALAXY A71,4,27499.0
Samsung,GALAXY A72,8,36499.0
Samsung,GALAXY A8,3,28493.333333333332
Samsung,GALAXY A8 PLUS,2,23425.0
Samsung,GALAXY A8 STAR,2,17989.5
Samsung,GALAXY A80,3,29429.333333333332
Samsung,GALAXY A9,4,31495.0
Samsung,GALAXY A9 PRO,3,23260.0
Samsung,GALAXY ACE NXT,2,5642.5
Samsung,GALAXY ALPHA,3,28129.333333333332
Samsung,GALAXY C7 PRO,2,26600.0
Samsung,GALAXY CORE,2,11349.5
Samsung,GALAXY CORE 2,2,5930.0
Samsung,GALAXY CORE PRIME,3,5991.666666666667
Samsung,GALAXY CORE PRIME G361 DUAL SIM - WHITE,1,7999.0
Samsung,GALAXY E5,3,12926.666666666666
Samsung,GALAXY E7,3,15846.333333333334
Samsung,GALAXY F02S,6,9999.0
Samsung,GALAXY F12,6,11999.0
Samsung,GALAXY F22,4,13999.0
Samsung,GALAXY F23 5G,4,16499.0
Samsung,GALAXY F41,5,15099.0
Samsung,GALAXY F42 5G,4,21999.0
Samsung,GALAXY F62,6,24999.0
Samsung,GALAXY FOLD 2,2,149999.0
Samsung,GALAXY FOLDER 2,1,27330.0
Samsung,GALAXY GRAND 2,3,12329.333333333334
Samsung,GALAXY GRAND I9082,1,8999.0
Samsung,GALAXY GRAND NEO,1,13500.0
Samsung,GALAXY GRAND NEO PLUS,3,6332.333333333333
Samsung,GALAXY GRAND PRIME 4G,1,8250.0
Samsung,GALAXY GRAND QUATTRO,2,6499.0
Samsung,GALAXY J1,5,7258.8
Samsung,GALAXY J1 ACE,2,5049.0
Samsung,GALAXY J2,3,7199.666666666667
Samsung,GALAXY J2 - 2016,3,7060.0
Samsung,GALAXY J2 2018,3,7432.666666666667
Samsung,GALAXY J2 ACE,3,8090.0
Samsung,GALAXY J2 CORE,6,6699.5
Samsung,GALAXY J2 PRO,3,8200.0
Samsung,GALAXY J2-2017,1,6000.0
Samsung,GALAXY J4,6,10498.833333333334
Samsung,GALAXY J4 PLUS,3,9166.333333333334
Samsung,GALAXY J5,3,9956.666666666666
Samsung,GALAXY J5 - 6 NEW 2016 EDITION),3,10990.0
Samsung,GALAXY J5 PRIME,4,14100.0
Samsung,GALAXY J6,6,13158.333333333334
Samsung,GALAXY J6 PLUS,3,13733.333333333334
Samsung,GALAXY J7,3,11700.0
Samsung,GALAXY J7 - 6 NEW 2016 EDITION),3,14299.666666666666
Samsung,GALAXY J7 DUO,3,17947.0
Samsung,GALAXY J7 NXT,4,12496.25
Samsung,GALAXY J7 PRIME,3,14389.666666666666
Samsung,GALAXY J7 PRIME 2,2,14990.0
Samsung,GALAXY J8,3,19330.0
Samsung,GALAXY M01,2,9385.0
Samsung,GALAXY M01S,1,10999.0
Samsung,GALAXY M02,8,8429.875
Samsung,GALAXY M10,4,8425.0
Samsung,GALAXY M10S,2,9045.0
Samsung,GALAXY M11,6,11788.5
Samsung,GALAXY M12,5,12600.8
Samsung,GALAXY M20,5,11163.4
Samsung,GALAXY M21,5,15347.6
Samsung,GALAXY M21 2021 EDITION,1,13899.0
Samsung,GALAXY M30,6,13362.0
Samsung,GALAXY M30S,11,15464.90909090909
Samsung,GALAXY M31,6,17969.833333333332
Samsung,GALAXY M31S,3,19411.0
Samsung,GALAXY M32,6,15717.666666666666
Samsung,GALAXY M32 5G,2,24998.5
Samsung,GALAXY M40,3,16596.333333333332
Samsung,GALAXY M42,2,27248.5
Samsung,GALAXY M42 5G,2,19225.0
Samsung,GALAXY M51,3,25329.333333333332
Samsung,GALAXY MEGA 5.8,1,26000.0
Samsung,GALAXY NOTE 10,3,73600.0
Samsung,GALAXY NOTE 10 PLUS,5,73999.4
Samsung,GALAXY NOTE 20,3,70199.0
Samsung,GALAXY NOTE 20 ULTRA 5G,2,91999.0
Samsung,GALAXY NOTE 3,2,36324.5
Samsung,GALAXY NOTE 3 NEO,2,15575.0
Samsung,GALAXY NOTE 4,4,41470.0
Samsung,GALAXY NOTE 5,10,42216.4
Samsung,GALAXY NOTE 5 DUAL,1,39899.0
Samsung,GALAXY NOTE 8,3,40296.0
Samsung,GALAXY NOTE 9,7,68256.71428571429
Samsung,GALAXY NOTE EDGE,1,30000.0
Samsung,GALAXY NOTE10 LITE,6,39330.833333333336
Samsung,GALAXY ON NXT,2,11200.0
Samsung,GALAXY ON6,2,17600.0
Samsung,GALAXY ON7,2,8490.0
Samsung,GALAXY ON8,3,17823.333333333332
Samsung,GALAXY POCKET NEO,1,5000.0
Samsung,GALAXY S DUOS 2,2,5999.0
Samsung,GALAXY S DUOS 3,2,6273.5
Samsung,GALAXY S10,4,52999.25
Samsung,GALAXY S10 LITE,5,43799.0
Samsung,GALAXY S10 PLUS,5,81738.0
Samsung,GALAXY S10E,2,59000.0
Samsung,GALAXY S20,3,58961.666666666664
Samsung,GALAXY S20 FE,5,49999.0
Samsung,GALAXY S20 ULTRA,2,86745.0
Samsung,GALAXY S20+,2,54999.0
Samsung,GALAXY S21,6,71999.0
Samsung,GALAXY S21 PLUS,6,73999.0
Samsung,GALAXY S21 SE 5G,2,57490.0
Samsung,GALAXY S21 ULTRA,3,109665.66666666667
Samsung,GALAXY S3 NEO,3,14666.0
Samsung,GALAXY S4,2,28344.5
Samsung,GALAXY S4 MINI,1,20400.0
Samsung,GALAXY S4 ZOOM,1,19999.0
Samsung,GALAXY S5,4,21999.0
Samsung,GALAXY S6,3,41233.333333333336
Samsung,GALAXY S6 EDGE,6,43332.833333333336
Samsung,GALAXY S6 EDGE+,2,31499.5
Samsung,GALAXY S7,3,23573.666666666668
Samsung,GALAXY S7 EDGE,5,40900.0
Samsung,GALAXY S8,1,49990.0
Samsung,GALAXY S8 PLUS,1,48669.0
Samsung,GALAXY S9,7,59585.71428571428
Samsung,GALAXY S9 PLUS,9,69511.11111111111
Samsung,GALAXY STAR,1,4199.0
Samsung,GALAXY STAR 2,2,4890.0
Samsung,GALAXY STAR ADVANCE,2,4499.5
Samsung,GALAXY STAR PRO,2,4249.0
Samsung,GALAXY TREND,3,5665.666666666667
Samsung,GALAXY Z FLIP,1,66000.0
Samsung,GALAXY Z FLIP3 5G,4,86999.0
Samsung,GALAXY Z FOLD3 5G,4,151999.0
Samsung,GRAND PRIME,2,9445.5
Samsung,GRAND PRIME 4G,2,8916.0
Samsung,GT 1200 R/I/M,1,1099.0
Samsung,GURU 1200,2,1150.0
Samsung,GURU E1207T,1,1560.0
Samsung,GURU FM PLUS,6,1932.0
Samsung,GURU FM PLUS SM-B110E/D,3,1424.3333333333333
Samsung,GURU GT,1,1549.0
Samsung,GURU MUSIC 2,4,1645.5
Samsung,GURU MUSIC 2 SM-B310E,1,1890.0
Samsung,GURU PLUS B110,1,1700.0
Samsung,M01 CORE,6,5897.5
Samsung,M02S,6,10012.166666666666
Samsung,M21 2021 EDITION,2,14041.5
Samsung,M31,1,17845.0
Samsung,M31 PRIME,5,17180.4
Samsung,M31S,2,21449.5
Samsung,M32 5G,2,21749.0
Samsung,M52 5G,6,24982.666666666668
Samsung,METRO,1,2849.0
Samsung,METRO 313,9,2272.6666666666665
Samsung,METRO 313 DUAL SIM,3,2218.3333333333335
Samsung,METRO 350,7,2939.714285714286
Samsung,METRO 360,1,3499.0
Samsung,METRO B312E DUAL SIM - WHITE,1,1599.0
Samsung,METRO B313E DUAL SIM - WHITE,1,2299.0
Samsung,METRO SM-B313EZ,1,2340.0
Samsung,METRO XL,3,3445.3333333333335
Samsung,ON5 PRO,2,6735.0
Samsung,ON7 PRO,2,6269.5
Samsung,REX 60,1,3400.0
Samsung,S20 FE 5G,1,49990.0
Samsung,S7 EDGE,1,36900.0
Samsung,SAMSUNG METRO 350 DUAL SIM,1,2899.0
Samsung,SM-B110E/D,2,1548.0
Samsung,SM-B310EZDDINS,1,1949.0
Samsung,SM-G361HHADINS,1,8999.0
Samsung,TIZEN Z3,3,5662.666666666667
Samsung,Z1,2,3990.0
Samsung,Z2,2,4790.0
Samsung,Z3,1,5590.0
Samsung,Z4,1,6200.0
Vivo,S1,3,21323.333333333332
Vivo,S2,1,19990.0
Vivo,T1 5G,6,17656.666666666668
Vivo,U10,1,10990.0
Vivo,U11,1,11990.0
Vivo,U12,1,13990.0
Vivo,V11 PRO,1,25990.0
Vivo,V20 2021,2,13740.0
Vivo,V20 PRO,1,10990.0
Vivo,V20 SE,2,15449.5
Vivo,V21 5G,6,18073.333333333332
Vivo,V21E,2,19490.0
Vivo,V23 5G,4,32490.0
Vivo,V23 PRO 5G,3,42323.333333333336
Vivo,V7,1,15990.0
Vivo,V7+,1,22099.0
Vivo,V9,3,21126.666666666668
Vivo,V9 YOUTH,2,18944.5
Vivo,X21,1,35399.0
Vivo,X50,2,42490.0
Vivo,X50 PRO,1,54990.0
Vivo,X60,3,12895.0
Vivo,X60 PRO,2,51885.0
Vivo,X70 PRO,3,49990.0
Vivo,X70 PRO+,1,79990.0
Vivo,Y11,1,16990.0
Vivo,Y12G,4,18967.5
Vivo,Y12S,2,32990.0
Vivo,Y1S,5,20384.6
Vivo,Y20,2,16742.5
Vivo,Y20 T,2,15490.0
Vivo,Y20A,2,28795.0
Vivo,Y20A 2021,2,34990.0
Vivo,Y20G,4,26592.5
Vivo,Y20G 2021,2,29990.0
Vivo,Y21,4,46990.0
Vivo,Y21A,2,14449.0
Vivo,Y21T,2,16490.0
Vivo,Y30,1,13990.0
Vivo,Y31,1,13990.0
Vivo,Y33S,2,38990.0
Vivo,Y33T,2,20990.0
Vivo,Y51A,2,21740.0
Vivo,Y53S,2,15744.5
Vivo,Y69,2,12994.5
Vivo,Y71I,2,8990.0
Vivo,Y72 5G,3,21026.333333333332
Vivo,Y73,2,29490.0
Vivo,Y75 5G,2,22240.0
Vivo,Y83,1,15990.0
Vivo,Y83 PRO,2,15200.0
Vivo,Y90,1,7990.0
Vivo,Y91I,1,14990.0
Vivo,Y93,1,11990.0
Vivo,Y94,1,15990.0
Vivo,Y95,3,18663.333333333332
Vivo,Z1 PRO,3,16656.666666666668
Vivo,Z1X,2,19990.0
Xiaomi,11 LITE NE,9,25939.666666666668
Xiaomi,11I 5G,5,26599.0
Xiaomi,11I HYPERCHARGE 5G,5,27799.0
Xiaomi,9A SPORT,3,8065.0
Xiaomi,MI 10,2,50435.0
Xiaomi,MI 10I,4,24369.75
Xiaomi,MI 10T,3,33665.666666666664
Xiaomi,MI 11 LITE,6,22999.0
Xiaomi,MI 11X,7,25960.714285714286
Xiaomi,MI 11X 5G,3,25760.666666666668
Xiaomi,MI 11X PRO 5G,4,38559.5
Xiaomi,MI A2,6,13371.166666666666
Xiaomi,MI A3,3,12990.0
Xiaomi,MI MAX 2,1,13990.0
Xiaomi,MI3,1,7999.0
Xiaomi,NOTE 10 LITE,2,15494.0
Xiaomi,REDMI 5,4,9819.75
Xiaomi,REDMI 6,1,10450.0
Xiaomi,REDMI 6 PRO,4,11584.25
Xiaomi,REDMI 6A,3,7729.0
Xiaomi,REDMI 7,2,9490.0
Xiaomi,REDMI 7A,2,6749.0
Xiaomi,REDMI 8,3,10999.0
Xiaomi,REDMI 8A,2,7999.0
Xiaomi,REDMI 8A DUAL,6,8736.333333333334
Xiaomi,REDMI 9,4,10304.5
Xiaomi,REDMI 9 POWER,5,12299.0
Xiaomi,REDMI 9 PRIME,4,11374.0
Xiaomi,REDMI 9A,6,8048.5
Xiaomi,REDMI 9I,2,8799.0
Xiaomi,REDMI K20,4,20919.0
Xiaomi,REDMI K20 PRO,3,29332.333333333332
Xiaomi,REDMI NOTE 10 PRO,2,19343.0
Xiaomi,REDMI NOTE 10S,2,17880.0
Xiaomi,REDMI NOTE 11T 5G,8,20031.375
Xiaomi,REDMI NOTE 4,3,9362.666666666666
Xiaomi,REDMI NOTE 5,4,10621.5
Xiaomi,REDMI NOTE 5 PRO,3,15665.666666666666
Xiaomi,REDMI NOTE 6 PRO,8,14160.375
Xiaomi,REDMI NOTE 7,5,12178.6
Xiaomi,REDMI NOTE 7 PRO,9,15641.444444444445
Xiaomi,REDMI NOTE 7S,4,13824.75
Xiaomi,REDMI NOTE 8,3,12665.666666666666
Xiaomi,REDMI NOTE 9,4,11999.0
Xiaomi,REDMI NOTE 9 PRO,6,16660.666666666668
Xiaomi,REDMI Y1,1,8990.0
Xiaomi,REDMI Y2,10,10282.7
Xiaomi,REDMI Y3,5,11579.4
Xiaomi,Y11T PRO,2,42497.5
